NAME,COUNTRY,CITY,AGE,DATE OF INCIDENT,NUMBER OF CHILDREN,CONTEXT,Images,News Links,Petition Status,Petition Links,Donation Links,Hashtags
George Floyd,United States,Minnesota,46,2020-05-25,2,"Officers responding to a ""forgery in progress"" detained Floyd, kneeling on his neck for several minutes. Floyd did not resist arrest and repeatedly told the officers ""please"" and ""I can't breathe"".[2] Bystanders urged the officers to let Floyd up as he went quiet and stopped moving.","https://say-their-names.fra1.cdn.digitaloceanspaces.com/george-floyd/george-floyd.jpg,https://say-their-names.fra1.cdn.digitaloceanspaces.com/george-floyd/george-floyd-1.jpg","https://news.sky.com/story/george-floyd-death-family-demand-justice-as-protesters-across-the-us-defy-city-curfews-11999521,https://www.bbc.com/news/world-us-canada-52861726,https://www.washingtonpost.com/nation/2020/05/30/video-timeline-george-floyd-death/?arc404=true",Open,"https://www.change.org/p/mayor-jacob-frey-justice-for-george-floyd,",https://www.gofundme.com/f/georgefloyd,"#GeorgeFloyd,#justiceforGeorgeFloyd,#saytheirnames-GeorgeFloyd"
Tony McDade,United States,"Tallahassee, FL",38,2020-05-27,,"Tony was identified as a suspect in a reported stabbing the morning of his death. Police said McDade fled the scene of the stabbing on foot before officers arrived, but they encountered McDade nearby shortly afterward. According to police, McDade reportedly had a handgun and ""made a move consistent with using the firearm"" against an officer, prompting the officer to shoot McDade.",https://say-their-names.fra1.cdn.digitaloceanspaces.com/tony-mcdade/tony-mcdade.jpg,"https://www.motherjones.com/crime-justice/2020/05/tony-mcdade-tallahassee-florida-police-shooting-death/,https://www.democracynow.org/2020/6/1/headlines/black_transgender_man_tony_mcdade_shot_and_killed_by_tallahassee_police,https://www.nbcnews.com/feature/nbc-out/black-transgender-man-fatally-shot-florida-police-n1218156",Open/Closed?,https://www.change.org/p/black-lives-matter-activists-justice-for-tony-mcdade,https://www.gofundme.com/f/in-memory-of-tony-mcdade/donate,"#TonyMcDade,#justiceforTonyMcDade,#saytheirnames-TonyMcDade"
Mark Duggan,United Kingdom,London,29,2011-08-04,6,"Mark Duggan, a 29-year-old British man, was shot and killed by police in Tottenham, North London on 4 August 2011. The Metropolitan Police stated that officers were attempting to arrest Duggan on suspicion of planning an attack, and that he was in possession of a handgun. Duggan died from a gunshot wound to the chest",https://say-their-names.fra1.cdn.digitaloceanspaces.com/mark-duggan/mark-duggan.jpg,"https://www.bbc.com/news/uk-england-london-14842416,https://www.theguardian.com/uk-news/2019/oct/10/mark-duggan-shooting-family-settle-high-court-claim-against-met,https://www.theguardian.com/uk-news/2019/dec/05/mark-duggan-shooting-report-challenged-by-human-rights-groups,https://www.theguardian.com/uk-news/2019/mar/23/mark-duggans-family-lodges-civil-claim-against-metropolitan-police,https://www.telegraph.co.uk/news/2019/10/10/police-pay-damages-family-gangster-mark-duggan/,https://www.independent.co.uk/news/uk/home-news/mark-duggan-protest-tottenham-march-five-years-fifth-anniversary-black-lives-matter-london-a7176596.html,",Open/Closed?,,,"#MarkDuggan,#justiceforMarkDuggan,#saytheirnames-MarkDuggan"
Sarah Reed,United Kingdom,London,32,2016-02-11,,"Sarah died on 11 January 2016 while on remand at Holloway women’s prison, London. She was on the medical wing of the prison and was reportedly found, at around 8am, lying on her prison bed. ",https://say-their-names.fra1.cdn.digitaloceanspaces.com/sarah-reed/sarah-reed.jpg,"https://www.theguardian.com/society/2016/feb/17/sarah-reeds-mother-deaths-in-custody-holloway-prison-mental-health,https://www.theguardian.com/commentisfree/2017/jul/24/sarah-reed-death-avoidable-mental-illness-holloway-prison,https://4wardeveruk.org/cases/adult-cases-uk/police-medical-asylum/sarah-reed/",Open/Closed?,,,"#SarahReed,#justiceforSarahReed,#saytheirnames-SarahReed"
Sandra Bland,United States,"Hempstead, TX",28,2015-07-13,,"Sandra Bland was a 28-year-old African American woman who was found hanged in a jail cell in Waller County, Texas, on July 13, 2015, three days after being arrested during a pretextual traffic stop. Her death was ruled a suicide",https://say-their-names.fra1.cdn.digitaloceanspaces.com/sandra-bland/sandra-bland.jpg,"https://www.nytimes.com/2019/05/07/us/sandra-bland-video-brian-encinia.html,https://www.nytimes.com/2019/05/07/us/sandra-bland-brian-encinia.html,https://www.theguardian.com/us-news/2019/may/07/sandra-bland-video-footage-arrest-death-police-custody-latest-news,https://abc13.com/sandra-bland-arrest-death-jailhouse/2211158/",Open/Closed?,,,"#SandraBland,#justiceforSandraBland,#saytheirnames-SandraBland"
Philandro Castile,United States,"Falcon Heights, MN",32,2016-07-06,,"On July 6, 2016, Philando Castile, a 32-year-old African American man, was stopped while driving and fatally shot by Jeronimo Yanez, a 29-year-old Hispanic-American police officer from St. Anthony, Minnesota",https://say-their-names.fra1.cdn.digitaloceanspaces.com/philando-castile/philando-castile.jpg,"https://www.bbc.com/news/world-us-canada-52896872,https://vegnews.com/2020/6/philando-castile-s-cousin-hands-out-300-free-vegan-meals-during-minneapolis-protests,https://thegrio.com/2020/05/31/minneapolis-police-ignored-policing-reforms/",Open/Closed?,,,"#PhilandroCastile,#justiceforPhilandroCastile,#saytheirnames-PhilandroCastile"
Trayvon Martin,United States,"Sanford, FL",17,2012-02-26,,"Trayvon Benjamin Martin was a 17-year-old African-American teenager from Miami Gardens, Florida, who was fatally shot in Sanford, Florida by George Zimmerman. Martin had gone with his father on a visit to his father's fiancée at her townhouse at The Retreat at Twin Lakes in Sanford",https://say-their-names.fra1.cdn.digitaloceanspaces.com/trayvon-martin/trayvon-martin.jpg,"https://edition.cnn.com/2013/06/05/us/trayvon-martin-shooting-fast-facts/index.html,https://www.history.com/this-day-in-history/florida-teen-trayvon-martin-is-shot-and-killed,https://www.theguardian.com/us-news/2017/feb/13/trayvon-martin-parents-racism-alive-and-well-in-america,https://www.cbsnews.com/feature/george-zimmerman-trial-trayvon-martin-case/",Open/Closed?,,,"#TrayvonMartin,#justiceforTrayvonMartin,#saytheirnames-TrayvonMartin"
Breonna Taylor,United States,"Louisville, KT",26,2020-03-13,,"On March 13, 2020, Breonna Taylor, a 26-year-old African American woman, was fatally shot by Louisville Metro Police Department officers. ",https://say-their-names.fra1.cdn.digitaloceanspaces.com/breonna-taylor/breonna-taylor.jpg,"https://www.nytimes.com/article/breonna-taylor-police.html,https://edition.cnn.com/2020/05/21/us/breonna-taylor-death-police-changes-trnd/index.html,https://www.cbsnews.com/news/breonna-taylor-kenneth-walker-911-call-police-shooting/,https://www.courier-journal.com/story/news/2020/06/02/breonna-taylor-protests-metro-council-demands-fischer-finish-case/5317126002/,https://www.nbcnews.com/news/us-news/breonna-taylor-police-shooting-what-we-know-about-kentucky-woman-n1207841",Open,"https://www.change.org/p/andy-beshear-justice-for-breonna-taylor,",https://www.gofundme.com/f/9v4q2-justice-for-breonna-taylor,"#BreonnaTaylor,#justiceforBreonnaTaylor,#saytheirnames-BreonnaTaylor"
Ahmaud Arbery,United States,"Brunswick, GA",25,2020-02-23,,"On February 23, 2020, Ahmaud Marquez Arbery, an unarmed 25-year-old African-American man, was fatally shot near Brunswick in Glynn County, Georgia, while jogging on Holmes Road just before entering its intersection with Satilla Drive in the Satilla Shores neighborhood",https://say-their-names.fra1.cdn.digitaloceanspaces.com/ahmaud-arbery/ahmaud-arbery.jpg,"https://www.nytimes.com/article/ahmaud-arbery-shooting-georgia.html,https://www.nytimes.com/article/ahmaud-arbery-timeline.html,https://abcnews.go.com/US/hearing-set-georgia-men-charged-ahmaud-arbery-killing/story?id=70906145,https://www.thecut.com/2020/05/ahmaud-arbery-shooting-georgia-explainer.html,https://edition.cnn.com/2020/05/21/us/roddie-bryan-arrested-ahmaud-arbery-case/index.html",Open,https://www.change.org/p/district-attorney-tom-durden-justice-for-ahmaud-arbery-i-run-with-maud,,"#AhmaudArbery,#justiceforAhmaudArbery,#saytheirnames-AhmaudArbery"
Mike Brown,United States,Ferguson,18,2014-08-09,,"On August 9, 2014, Michael Brown Jr., an 18-year-old black man, was fatally shot by 28-year-old white Ferguson police officer Darren Wilson in the city of Ferguson, Missouri, a suburb of St. Louis. Brown was accompanied by his 22-year-old friend Dorian Johnson.",https://say-their-names.fra1.cdn.digitaloceanspaces.com/mike-brown/mike-brown.jpg,"https://apnews.com/9aa32033692547699a3b61da8fd1fc62,https://www.aljazeera.com/programmes/rewind/2019/08/michael-brown-death-shook-ferguson-190806075143124.html,https://www.bbc.com/news/world-us-canada-30207808,https://www.theguardian.com/commentisfree/2017/aug/09/michael-brown-death-three-years-later-no-change",Open,https://campaigns.organizefor.org/petitions/tell-da-mcculloch-reopen-the-local-investigation-of-mike-brown,,"#MikeBrown,#justiceforMikeBrown,#saytheirnames-MikeBrown"
Eric Garner,United States,New York,43,2014-07-15,6,"According to police, Garner had a heart attack while being transported to Richmond University Medical Center. He was pronounced dead at the hospital one hour later. A funeral was held for Garner on July 23, 2014, at Bethel Baptist Church in Brooklyn.",https://say-their-names.fra1.cdn.digitaloceanspaces.com/eric-garner/eric-garner.jpg,"https://www.nytimes.com/2019/07/16/nyregion/eric-garner-case-death-daniel-pantaleo.html,https://www.bbc.com/news/world-us-canada-49008746,https://www.bbc.com/news/world-us-canada-49399302,https://www.usatoday.com/story/news/2019/08/20/eric-garner-timeline-chokehold-death-daniel-pantaleo-fired/2059708001/,",Open,https://www.change.org/p/please-support-the-eric-garner-law,,"#EricGarner,#justiceforEricGarner,#saytheirnames-EricGarner"
Joy Gardner,United Kingdom,London,40,1993-08-01,,Joy Gardner died after being bound with 13 feet of tape and a belt by officers from the Met Police’s now-disbanded Alien Deportation Group,https://say-their-names.fra1.cdn.digitaloceanspaces.com/joy-gardner/joy-gardner.jpg,"https://www.hamhigh.co.uk/news/joy-gardner-25-years-after-crouch-end-woman-died-in-police-custody-her-mother-still-wants-justice-1-5623789,https://benjaminzephaniah.com/rhymin/the-death-of-joy-gardner/,https://www.wsws.org/en/articles/2018/07/28/gard-j28.html,https://www.wsws.org/en/articles/2018/08/01/gard-a01.html",Open/Closed?,,,"#JoyGardner,#justiceforJoyGardner,#saytheirnames-JoyGardner"
Jimmy Mubenga,United Kingdom,London,43,2010-10-12,5,"Jimmy Mubenga, a healthy 46 year old Angolan man, died on 12 October 2010 following face-forward restraint in his seat by three G4S security guards on a British Airways flight from Heathrow airport to Angola. The jury ruled that Jimmy Mubenga died on the plane",https://say-their-names.fra1.cdn.digitaloceanspaces.com/jimmy-mubenga/jimmy-mubenga.jpg,"https://www.theguardian.com/uk-news/2014/dec/16/g4s-guards-found-not-guilty-manslaughter-jimmy-mubenga,https://4wardeveruk.org/cases/adult-cases-uk/police-medical-asylum/jimmy-mubenga/,https://www.bbc.com/news/uk-england-london-28153863,https://ceasefiremagazine.co.uk/he-breathe-remembering-jimmy-mubenga-years/",Open/Closed?,,,"#JimmyMubenga,#justiceforJimmyMubenga,#saytheirnames-JimmyMubenga"
John Crawford III,United States,"Beavercreek, OH",22,2014-08-05,2,"A customer at Walmart called 911 claiming that Crawford had been pointing a gun at customers. Sean Williams, one of the two police officers that arrived, shot Crawford in the arms and chest. Security camera footage showed that Crawford was talking on his cellphone and holding the BB gun as he shopped, but at no point did he aim the BB gun at anyone. ",https://say-their-names.fra1.cdn.digitaloceanspaces.com/john-crawfordiii/john-crawfordiii.jpg,"https://www.cincinnati.com/story/news/2019/02/12/killing-john-crawford-walmart-officer-wouldnt-have-changed-thing/2787871002/,https://www.blackpast.org/african-american-history/crawford-john-iii-1992-2014/,https://www.nbcnews.com/news/us-news/john-crawford-iii-case-feds-announce-no-charges-officer-fatal-n782091,https://www.daytondailynews.com/news/crime--law/officer-walmart-shooting-says-never-saw-crawford-threaten-anyone/5Kyowpgvtw5ZJGGH1dyHbN/",Open/Closed?,,,"#JohnCrawford,#justiceforJohnCrawford,#saytheirnames-JohnCrawford"
Ezell Ford,United States,"Los Angeles, CA",25,2014-08-11,,"Two versions of the events were presented. According to LAPD Chief Charlie Beck, Ford ignored commands to stop, and was grabbed by Officer Wampler, who believed that he was trying to get rid of drugs. Ford allegedly reached for Wampler’s gun, at which point his partner Officer Villegas opened fire on Ford, hitting him in the side and his arm. Officer Wampler reached for his backup weapon, and shot Ford in the back. However, the reports of the bystanders describe a different set of events. According to Ford’s mother, Mrs. Tritobia Ford, when she arrived on the scene, her son was lying on the ground and complying with the officers’ commands when he was shot three times. Another eyewitness, stated that Ford was shot in the back. A third witness, Mrs. Ina Smalls, reported that she rushed outside when she heard gunshots and found officers standing over her neighbor’s 25-year-old son. She said he was on the ground, shot dead, and handcuffed on his stomach.",https://say-their-names.fra1.cdn.digitaloceanspaces.com/ezell-ford/ezell-ford.jpg,"https://www.latimes.com/local/lanow/la-me-ln-ezell-ford-no-charges-20170124-story.html,https://www.latimes.com/local/lanow/la-me-ln-ezell-ford-lawsuit-20161101-story.html,https://www.theguardian.com/us-news/2017/jan/24/ezell-ford-police-shooting-no-charges-lapd",Open/Closed?,,,"#EzellFord,#justiceforEzellFord,#saytheirnames-EzellFord"
Aaron Campbell,United States,"Portland, OR",25,2010-01-29,4,"Campbell threatened to kill himself after learning his younger brother had died from a heart condition in the hospital. Officer James Quakenbush established communication with Campbell via cell phone and text messages and then hours later, Campbell came out of the apartment, unarmed. Campbell was hit with beanbag rounds from a shotgun fired by Lewton. Then, he was hit by gunfire from an AR-15 fired by Frashour, according to court documents.",https://say-their-names.fra1.cdn.digitaloceanspaces.com/aaron-campbell/aaron-campbell.jpg,"https://projects.oregonlive.com/focus/campbell/,https://www.portlandoregon.gov/police/article/538235,https://www.portlandoccupier.org/2016/02/03/aaron-campbells-death-six-years-on-from-the-turning-point-for-portland-police-accountability/,https://www.oregonlive.com/portland/2014/07/arbitrator_upholds_suspensions.html",Open/Closed?,,,"#AaronCampbell,#justiceforAaronCampbell,#saytheirnames-AaronCampbell"
David McAtee,United States,"Louisville, KT",53,2020-06-01,,"Louisville, Ky., resident David McAtee was shot and killed during a police response to a curfew violation",https://say-their-names.fra1.cdn.digitaloceanspaces.com/david-mcatee/david-mcatee.jpg,"https://edition.cnn.com/2020/06/02/us/david-mcatee-louisville-what-we-know-trnd/index.html,https://www.wlky.com/article/live-following-another-night-of-unrest-louisville-mayor-gives-update/32744031,https://abcnews.go.com/US/david-mcatee-appears-fired-gun-prior-death-police/story?id=71028584,https://www.courier-journal.com/story/news/2020/06/02/david-mcatee-shooting-myles-garrett-calls-police-actions-despicable/3125638001/",Open/Closed?,,,"#DavidMcAtee,#justiceforDavidMcAtee,#saytheirnames-DavidMcAtee"
Naomi Hersi,United Kingdom,London,36,2018-03-18,,"Naomi Hersi, just 36, was found with knife injuries in Hounslow last Sunday. She died at the scene. This horrible crime, and the way that many sections of the media have reported it, brings to light a series of deeply troubling issues about how our society views trans people – and particularly trans women of colour.",https://say-their-names.fra1.cdn.digitaloceanspaces.com/naomi-hersi/naomi-hersi.jpg,"https://www.bbc.com/news/uk-england-london-45992899,https://www.bbc.com/news/uk-england-london-46061200,https://www.stonewall.org.uk/cy/node/65106,https://www.bbc.com/news/uk-england-london-46488650,https://www.mirror.co.uk/tv/tv-news/web-lies-snared-university-drop-16195834,https://www.radiotimes.com/tv-programme/e/hysvmh/murdered-by--s2-e1-the-body-in-the-bathroom-the-murder-of-naomi-hersi/",Open/Closed?,,,"#NaomiHersi,#justiceforNaomiHersi,#saytheirnames-NaomiHersi"
Sheku Bayoh,United Kingdom,Kirkcaldy,32,2015-05-03,,"Sheku Bayoh, 31, died from suspected asphyxiation on a street in Kirkcaldy, Fife, on Sunday 3 May. He had been detained, handcuffed and put in leg restraints following an altercation with a female police officer and a colleague, and had been allegedly wielding a knife.",https://say-their-names.fra1.cdn.digitaloceanspaces.com/sheku-bayoh/sheku-bayoh.jpeg,"https://www.bbc.com/news/uk-scotland-edinburgh-east-fife-52754957,https://www.theguardian.com/uk-news/2019/nov/16/sheku-bayoh-brother-shouldnt-have-died-like-this-inquiry-family,https://www.gov.scot/news/inquiry-into-the-death-of-sheku-bayoh/,https://www.dailyrecord.co.uk/news/scottish-news/sheku-bayoh-public-inquiry-new-22062485,https://www.thecourier.co.uk/fp/news/politics/scottish-politics/1325182/coronavirus-impacts-public-inquiry-into-death-of-kirkcaldy-man-sheku-bayoh/",Open/Closed?,,,"#ShekuBayoh,#justiceforShekuBayoh,#saytheirnames-ShekuBayoh"
Christopher Alder,United Kingdom,Kingston upon Hull,37,1998-04-01,,Christopher was punched at a nightclub and then arrested after apparently becoming aggressive at the hospital. He later died on the floor of Queen’s Gardens police station in Hull.,https://say-their-names.fra1.cdn.digitaloceanspaces.com/christopher-alder/christopher-alder.jpg,"https://www.bbc.com/news/uk-england-humber-15837490,https://www.thejusticegap.com/justice-for-christopher-alder/,https://www.crimeandjustice.org.uk/publications/cjm/article/what%E2%80%99s-worst-could-happen-death-christopher-alder,https://www.hulldailymail.co.uk/news/hull-east-yorkshire-news/justice-christopher-alder-death-custody-2591463,https://www.thebureauinvestigates.com/stories/2012-02-07/case-study-christopher-alder,https://www.unison.org.uk/motions/2013/black-members/support-for-the-justice-for-christopher-alder-campaign/",Open/Closed?,,,"#ChristopherAlder,#justiceforChristopherAlder,#saytheirnames-ChristopherAlder"
Cynthia Jarrett,United Kingdom,London,63,1985-10-06,,"The Broadwater Farm riot occurred on the Broadwater council estate in Tottenham, North London, on 6 October 1985. The events of the day were dominated by two deaths. The first was that of Cynthia Jarrett, an African-Caribbean woman who died the previous day due to heart failure during a police search at her home.",https://say-their-names.fra1.cdn.digitaloceanspaces.com/cynthia-jarrett/cynthia-jarrett.jpg,"https://www.londonremembers.com/subjects/cynthia-jarrett?memorial_id=4871,https://4wardeveruk.org/cases/adult-cases-uk/miscarraiges/cynthia-jarrett/,https://www.bbc.com/news/uk-england-london-26362633,https://www.theguardian.com/commentisfree/2013/jul/25/blakelock-black-people-justice-tottenham-police,",Open/Closed?,,,"#CynthiaJarrett,#justiceforCynthiaJarrett,#saytheirnames-CynthiaJarrett"
Sean Rigg,United Kingdom,Birmingham,40,2008-08-21,,"Sean Rigg was a 40-year-old black British musician and music producer who suffered from paranoid schizophrenia. He died following a cardiac arrest on 21 August 2008 while in police custody at the entrance to Brixton police station, South London, England.",https://say-their-names.fra1.cdn.digitaloceanspaces.com/sean-rigg/sean-rigg.jpg,"https://www.theguardian.com/uk-news/2019/mar/01/sean-rigg-five-officers-cleared-of-misconduct-over-death-in-custody,https://www.bbc.com/news/uk-england-london-47415005,https://www.inquest.org.uk/sean-rigg-miscondcut,https://www.inquest.org.uk/sean-rigg-misconduct-opens,https://www.independent.co.uk/news/uk/crime/the-story-behind-sean-riggs-death-in-custody-7999485.html",Open/Closed?,,,"#SeanRigg,#justiceforSeanRigg,#saytheirnames-SeanRigg"
Michelle Cusseaux,United States,"Phoenix, AZ",50,2014-08-14,,"Police officers were sent to her apartment as part of a court-ordered mental-health pick up. According to police, she wouldn't open her door so they had to force their way inside. Dupra has said he saw her holding a hammer above her head in a way he deemed threatening and that he shot her in self defense.",https://say-their-names.fra1.cdn.digitaloceanspaces.com/michelle-cusseaux/michelle-cusseaux.jpg,"https://www.azcentral.com/story/news/local/phoenix/breaking/2015/09/17/phoenix-police-michelle-cusseaux-shooting-outside-policy/72370792/,https://lithub.com/mental-illness-is-not-a-capital-crime/,https://www.phoenixnewtimes.com/news/phoenix-cop-who-killed-michelle-cusseaux-violated-department-policy-ppd-board-rules-7670775,https://www.azfamily.com/news/changes-coming-to-how-phoenix-police-handle-mental-health-calls/article_f9769a42-6300-11e9-be02-3f76c6c2a893.html",Open/Closed?,,,"#MichelleCusseaux,#justiceforMichelleCusseaux,#saytheirnames-MichelleCusseaux"
James Rivera Jr,United States,"Stockton, CA",16,2014-07-22,,"After Rivera crashed a minivan into a house, Stockton Police officers Eric Azarvand, Gregory Dunn and San Joaquin County Sheriff’s deputy John Nesbitt fired 29 rounds at the teenager while he was still in the van. The officers claimed Rivera was attempting to back the van into them and that they fired out of fear for their lives. The threat of the minivan was negated because the front wheels were off the ground. There was no way that the van would have been able to move. ",https://say-their-names.fra1.cdn.digitaloceanspaces.com/james-riverajr/james-riverajr.jpg,"https://www.recordnet.com/news/20191121/mistrial-in-federal-case-over-stockton-teens-fatal-police-shooting,https://www.courthousenews.com/police-will-face-parents-claims-fatal-shooting-son/",Open/Closed?,,,"#JamesRiveraJr,#justiceforJamesRiveraJr,#saytheirnames-JamesRiveraJr"
Tamir Rice,United States,"Cleveland, OH",12,2014-11-22,,"On 22 November 2014 Tamir Rice, a 12-year old African-American boy, was fatally shot in Cleveland, Ohio by Timothy Loehmann, a 26-year-old police officer. Rice was carrying a replica toy Airsoft gun; Loehmann shot him almost immediately after arriving on the scene.",https://say-their-names.fra1.cdn.digitaloceanspaces.com/tamir-rice/tamir-rice.jpg,"https://www.cleveland19.com/2020/06/02/mother-tamir-rice-says-she-was-distraught-after-seeing-her-sons-name-graffiti-during-cleveland-protests/,https://www.cleveland.com/crime/2020/06/cleveland-police-chiefs-approach-to-george-floyd-protest-a-sharp-contrast-to-de-escalation-efforts-during-tamir-rice-rnc-demonstrations.html,https://www.news5cleveland.com/news/local-news/how-did-we-get-here-black-lives-matter-cleveland-blames-long-simmering-frustrations-with-police,https://www.nytimes.com/2015/01/23/us/in-tamir-rice-shooting-in-cleveland-many-errors-by-police-then-a-fatal-one.html,https://www.vox.com/identities/2017/5/30/15713254/cleveland-police-tamir-rice-timothy-loehmann,",Open/Closed?,https://www.change.org/p/justice-for-tamir-rice-appoint-a-special-prosecutor,,"#TamirRice,#justiceforTamirRice,#saytheirnames-TamirRice"
George Lash,United States,"Chicago, IL",19,2010-09-18,,"According to police officers, Lash was carrying a gun on the train. When the officers approached him, he resisted, ultimately pointing his weapon at them. At that point, the officers fired on Lash, who later died from multiple gunshot wounds. But eyewitness evidence seems to suggest otherwise. In particular, CBS reports that Lash appears to have been handcuffed when he was shot.",https://say-their-names.fra1.cdn.digitaloceanspaces.com/george-lash/george-lash.jpg,"https://www.huffpost.com/entry/family-of-george-lash-sho_n_735036,https://www.chicagotribune.com/news/ct-xpm-2010-09-19-ct-met-cta-train-shooting-witnesses-020100919-story.html,",Open/Closed?,,,"#GeorgeLash,#justiceforGeorgeLash,#saytheirnames-GeorgeLash"
Yassin Hussein Moyo,Kenya,Nairobi,13,2020-04-01,,13-year-old Yassin Moyo who was shot dead by police officers in Kiamaiko during a curfew enforcement patrol by police officers believed to be from Huruma Police Station,https://say-their-names.fra1.cdn.digitaloceanspaces.com/yassin-hussein-moyo/yassinhussein-moyo.jpg,"https://edition.cnn.com/2020/04/28/africa/kenya-police-coronavirus-curfews/index.html,https://www.phillytrib.com/news/africa/a-young-boy-was-killed-by-a-police-stray-bullet-during-a-coronavirus-curfew-now/article_b306c144-897f-11ea-bfd7-9b1715a71fc7.html,https://icj-kenya.org/news/latest-news/311-i-am-yassin-moyo-13-killed-by-the-kenyan-police",Open/Closed?,,,"#YassinHusseinMoyo,#justiceforYassinHusseinMoyo,#saytheirnames-YassinHusseinMoyo"
Manuel Ellis,United States,Tacoma,33,2020-03-03,,Manuel Ellis passed away whilebeing restrained by a police officer following a traffic stop. ,https://say-their-names.fra1.cdn.digitaloceanspaces.com/manuel-ellis/manuel-ellis/manuel-ellis.jpeg,"https://www.cbsnews.com/news/manuel-ellis-death-black-man-tacoma-police-homicide-mayor-woodards-says-fire-prosecute-officer, https://edition.cnn.com/2020/06/04/us/tacoma-washington-man-dies-police-custody/index.html",Open/Closed?,https://actionnetwork.org/petitions/justiceformanuelellis,https://www.gofundme.com/f/in-honor-of-manuel-ellis,"#ManuelEllis,#justiceforManuelEllis,#saytheirnames-ManuelEllis"
David Dungay Jr,Australia,Sydney,26,2015-12-29,,"David Dungay Jr died in custody which being restrained by five prison guards in Long Bay prison hospital. His last words were ""I can't breathe, please! Let me up, please! I can't breathe!""",https://say-their-names.fra1.cdn.digitaloceanspaces.com/david-dungay/david-dungay.jpg,https://www.theguardian.com/australia-news/2019/nov/22/david-dungay-inquest-guards-who-restrained-indigenous-man-before-he-died-wont-be-disciplined,Open/Closed?,"https://www.change.org/p/i-can-t-breathe-charges-must-be-laid-for-the-death-of-david-dungay-jnr, https://www.change.org/p/all-australian-authorities-with-the-oversight-or-ability-to-use-coercive-power-prevent-deaths-in-custody-caused-by-improper-restraint",https://www.gofundme.com/f/d9qkb6-justice-for-david,"#DavidDungay,#justiceforDavidDungay,#saytheirnames-DavidDungay"
Shaun Charles Coolwell,Australia,Logan,33,2015-10-02,,Shaun Coolwell passed away following restraint by police officers with chemical sedative.,https://say-their-names.fra1.cdn.digitaloceanspaces.com/shaun-charles-coolwell/shaun-charles-coolwell/shaun-charles-coolwell.jpg,"https://www.abc.net.au/news/2018-03-05/death-in-custody-shaun-coolwell-inquest-police-force-brisbane/9510632, https://www.sbs.com.au/nitv/feature/years-inquests-and-lives-hold-why-did-shaun-coolwell-die-custody, https://www.theguardian.com/australia-news/2019/jun/17/deaths-in-custody-family-wants-answers-after-two-brothers-die-in-similar-situations, https://www.abc.net.au/news/2019-06-10/inquest-findings-into-death-in-custody-of-shaun-coolwell/11195258",Open/Closed?,,,"#ShaunCharlesCoolwell,#justiceforShaunCharlesCoolwell,#saytheirnames-ShaunCharlesCoolwell"
Ms Dhu,Australia,Western Australia,22,2014-08-04,,"Ms Dhu died after being dropped on the cell floor when she could not stand up, dragged along the floor, and then carried, handcuffed and shackled, to a police van because she could not walk. At the time she already had an infection from a rib broken by her violent partner some weeks before, which the death was attributed to. ",https://say-their-names.fra1.cdn.digitaloceanspaces.com/ms-dhu/ms-dhu.jpg,"https://www.theguardian.com/australia-news/2016/dec/16/ms-dhu-endured-inhumane-treatment-by-police-before-death-in-custody-coroner, https://www.abc.net.au/news/2017-07-20/ms-dhu-family-to-sue-wa-over-death-in-custody/8728620",Open,https://www.change.org/p/premier-western-australia-4-years-since-ms-dhu-s-death-in-her-memory-hurry-up-the-cns-and-end-unpaid-fines-jailing,,"#MsDhu,#justiceforMsDhu,#saytheirnames-MsDhu"
Kumanjayi Walker,Australia,Yuendumu,19,2019-11-09,,"Kumanjayi Walker was shot three times by police in his home at Yuendumu.on November 9, 2019.",https://say-their-names.fra1.cdn.digitaloceanspaces.com/kumanjayi-walker/kumanjayi-walker.jpg,https://www.theguardian.com/australia-news/2020/apr/09/kumanjayi-walker-yuendumu-court-postpones-case-of-nt-police-officer-charged-with,Open/Closed?,,https://au.gofundme.com/f/justice-for-yuendumu-inquiry-on-police-shooting,"#KumanjayiWalker,#justiceforKumanjayiWalker,#saytheirnames-KumanjayiWalker"
Atatiana Jefferson,United States,"Fort Worth, TX",28,2019-10-12,,"Atatiana was fatally shot in her home by a police officer after a neighbor called a non-emergency number, stating that Jefferson's front door was open.",https://say-their-names.fra1.cdn.digitaloceanspaces.com/atatiana-jefferson/atatiana-jefferson.jpg,https://www.nbcnews.com/news/us-news/fort-worth-police-officer-who-fatally-shot-atatiana-jefferson-indicted-n1105916,Open/Closed?,https://act.colorofchange.org/sign/justice-for-atatiana-jefferson/,,"#AtatianaJefferson,#justiceforAtatianaJefferson,#saytheirnames-AtatianaJefferson"
Pamela Turner,United States,"Baytown, TX",44,2019-05-13,2,Turner was shot by a Baytown police officer Monday night in the parking lot of her apartment complex following a struggle that a bystander captured on video.,https://say-their-names.fra1.cdn.digitaloceanspaces.com/pamela-turner/pamela-turner.jpg,https://www.cbsnews.com/news/pamela-turner-lawyer-lawyer-cop-killed-mentally-ill-texas-woman-in-unjustifiable-execution/,Open/Closed?,https://www.change.org/p/kim-ogg-after-the-smoke-clears-arrest-juan-delacruz-for-the-murder-of-pamela-turner-right-now,,"#PamelaTurner,#justiceforPamelaTurner,#saytheirnames-PamelaTurner"
Tyisha Miller,United States,"Riverside, CA",19,1998-12-28,,Tyisha was shot and killed by police officers called by family members who could not wake her as she lay unconscious in a car. ,https://say-their-names.fra1.cdn.digitaloceanspaces.com/tyisha-miller/tyisha-miller.jpg,https://www.pe.com/2018/12/27/20-years-after-tyisha-miller-was-killed-by-riverside-police-what-is-her-legacy/,Open/Closed?,,,"#TyishaMiller,#justiceforTyishaMiller,#saytheirnames-TyishaMiller"
Korryn Gaines,United States,"Randallstown, MD",23,2016-08-01,2,Baltimore County Police Department officers shot and killed 23-year-old Korryn Shandawn Gaines yesterday (and injured her 5 year-old son) after they stormed her home to arrest her for charges related to a traffic stop.,https://say-their-names.fra1.cdn.digitaloceanspaces.com/korryn-gaines/korryn-gaines.jpg,https://www.colorlines.com/articles/world-reacts-korryn-gaines-death-hands-police,Open/Closed?,https://actionnetwork.org/petitions/sign-the-petition-to-facebook-stop-censoring-users-videos-of-police-brutality,,"#KorrynGaines,#justiceforKorrynGaines,#saytheirnames-KorrynGaines"
Yvette Smith,United States,"Bastrop, TX",47,2014-02-16,3,Yvette Smith a 47 year-old mother of three was shot dead on 16 February 2014. The unarmed woman was shot without warning immediately after she opened the front door of a friend’s house to the attending officers.,https://say-their-names.fra1.cdn.digitaloceanspaces.com/yvette-smith/yvette-smith.jpg,https://www.theguardian.com/us-news/2016/apr/07/fdaniel-willis-not-guilty-fatal-police-shooting-yvette-smith-texas,Open/Closed?,,,"#YvetteSmith,#justiceforYvetteSmith,#saytheirnames-YvetteSmith"
Miriam Carey,United States,"Washington, DC",34,2013-10-03,1,"Miriam Carey, 34, a dental hygienist from Stamford, Connecticut, attempted to drive through a White House security checkpoint in her black Infiniti G37 coupe, struck a U.S. Secret Service officer, and was chased by the Secret Service to the United States Capitol where she was fatally shot by law enforcement officers.",https://say-their-names.fra1.cdn.digitaloceanspaces.com/miriam-carey/miriam-carey.jpg,https://www.cnn.com/2013/10/04/us/dc-shooting-miriam-carey/index.html,Closed,https://www.change.org/p/full-public-disclosure-regarding-the-avoidable-shooting-death-of-miriam-iris-carey,,"#MiriamCarey,#justiceforMiriamCarey,#saytheirnames-MiriamCarey"
Shelly Frey,United States,"Houston, TX",27,2012-12-06,2,"Shelly Frey, a 27 year-old mother of two, was shot dead on 6 December 2012 when shopping with friends at a Walmart store in Houston, Texas. ",https://say-their-names.fra1.cdn.digitaloceanspaces.com/shelly-frey/shelley-frey-1.jpg,https://www.dailymail.co.uk/news/article-2245074/Walmart-security-guard-shoots-shoplifting-mother-dead-parking-lot-tries-escape-young-children.html,Open,https://www.thepetitionsite.com/960/515/911/hold-harris-county-and-walmart-accountable-for-killing-alleged-shoplifter/,,"#ShellyFrey,#justiceforShellyFrey,#saytheirnames-ShellyFrey"
Darnesha Harris,United States,"Breaux Bridge, LA",17,2012-12-02,,"Darnesha Harris of Breaux Bridge, Louisiana, died on the 2 December 2012. She was shot dead by a police officer Travis Guillot who fired two shots into her vehicle after she had driven into a patrol car.",https://say-their-names.fra1.cdn.digitaloceanspaces.com/darnesha-harris/darnesha-harris.jpg,https://www.theadvocate.com/acadiana/news/crime_police/article_8ceccc88-ee65-5832-b585-b8ff963992c7.html,,,,"#DarneshaHarris,#justiceforDarneshaHarris,#saytheirnames-DarneshaHarris"
Malissa Williams,United States,"Cleveland, OH",30,2012-11-29,,"On the night of November 29, 2012, Malissa A. Williams was killed by Cleveland, Ohio police officer Michael Brelo, along with Timothy Russell. ",https://say-their-names.fra1.cdn.digitaloceanspaces.com/malissa-williams/malissa-williams.jpg,https://www.cleveland.com/metro/2012/12/cleveland_police_shooting.html,Open,https://sign.moveon.org/petitions/cleveland-renaissance,,"#MalissaWilliams,#justiceforMalissaWilliams,#saytheirnames-MalissaWilliams"
Shantel Davis,United States,"Brooklyn, NY",23,2012-06-14,,"On June 14, 2012, Shantel Davis, a 23-year-old African-American woman, was fatally shot by New York City, New York Police Department (NYPD) officer Phil Atkins. ",https://say-their-names.fra1.cdn.digitaloceanspaces.com/shantel-davis/shantel-davis.jpg,https://www.nytimes.com/2012/06/15/nyregion/woman-shot-by-police-in-brooklyn-after-car-crash.html,Closed,https://www.change.org/p/kings-county-d-a-indict-n-y-p-d-officer-phillip-atkins-for-the-murder-of-shantel-davis,,"#ShantelDavis,#justiceforShantelDavis,#saytheirnames-ShantelDavis"
Rekia Boyd,United States,"Chicago, IL",22,2012-03-21,,"Rekia Boyd was fatally shot on March 21, 2012, in Chicago, Illinois, by Dante Servin, an off-duty Chicago police detective.",https://say-their-names.fra1.cdn.digitaloceanspaces.com/rekia-boyd/rekia-boyd.jpg,https://abc7chicago.com/news/officers-trial-begins-in-2012-shooting-death/644588/,Closed,https://www.change.org/p/www-rightsforrekia-com-prosecute-dante-servin-for-the-unjustified-murder-of-rekia-boyd,,"#RekiaBoyd,#justiceforRekiaBoyd,#saytheirnames-RekiaBoyd"
Aiyana Stanley-Jones,United States,"Detroit, MI",7,2010-05-16,,Aiyana was shot and killed during a police raid in May of 2010.,https://say-their-names.fra1.cdn.digitaloceanspaces.com/aiyana-stanleyjones/aiyana-stanleyjones.jpg,https://www.colorlines.com/articles/detroit-police-officer-charged-shooting-death-aiyana-stanley-jones,Closed,https://www.change.org/p/retry-officer-joseph-weekley-for-aiyana-jones-murder,,"#AiyanaStanleyJones,#justiceforAiyanaStanleyJones,#saytheirnames-AiyanaStanleyJones"
Tarika Wilson,United States,"Lima, Ohio",26,2008-01-04,1,Tarika was killed during a police raid targeting her boyfriend,https://say-their-names.fra1.cdn.digitaloceanspaces.com/tarika-wilson/tarika-wilson.jpg,https://www.nytimes.com/2008/01/30/us/30lima.html,,,,"#TarikaWilson,#justiceforTarikaWilson,#saytheirnames-TarikaWilson"
Kathryn Johnston,United States,"Atlanta, GA",92,2006-11-21,,Kathryn Johnston was shot five times in a drug raid on her Atlanta home two years ago. Investigators determined the raid at Johnston's home was based on falsified paperwork stating that illegal drugs were present. ,https://say-their-names.fra1.cdn.digitaloceanspaces.com/kathryn-johnston/kathryn-johnston.jpg,https://www.nytimes.com/2006/11/23/us/23atlanta.html,Open,https://www.change.org/p/federal-government-abolish-no-knock-warrants?source_location=topic_page,,"#KathrynJohnston,#justiceforKathrynJohnston,#saytheirnames-KathrynJohnston"
Kendra James,United States,"Portland, OR",21,2003-05-05,2,"Kendra Jame, 21, was shot by Portland, Oregon police on May 5, 2003 when the car she was riding in was pulled over.",https://say-their-names.fra1.cdn.digitaloceanspaces.com/kendra-james/kendra-james.jpeg,https://katu.com/news/local/community-creates-new-memorial-for-kendra-james-who-was-killed-by-police-in-2003,,,,"#KendraJames,#justiceforKendraJames,#saytheirnames-KendraJames"
Olaseni Lewis,United Kingdom,London,23,2010-08-31,,"IT graduate Mr Lewis - who was also known as Seni - never regained consciousness after he was restrained for two prolonged periods of 10 and 20 minutes, at Bethlem Royal Hospital, Beckenham.",https://ichef.bbci.co.uk/news/660/cpsprodpb/6BC4/production/_95988572_mediaitem95988571.jpg,https://www.bbc.co.uk/news/uk-england-london-52907447,Open/Closed?,http://www.justiceforseni.com/,,"#OlaseniLewis,#justiceforOlaseniLewis,#saytheirnames-OlaseniLewis"
Rashan Charles,United Kingdom,London,20,2017-07-22,,"Charles, a 20-year-old black man, died on 22 July in 2017 following restraint by Metropolitan police officers in Hackney, London.",https://say-their-names.fra1.cdn.digitaloceanspaces.com/rashan-charles/rashan-charles.jpg,https://www.theguardian.com/uk-news/2018/jun/04/rashan-charles-inquest-cctv-showing-his-arrest-upsets-family,Closed,https://www.change.org/p/metropolitan-police-commissioner-suspend-police-officers-under-investigation-for-deaths-of-edson-da-costa-rashan-charles,,"#RashanCharles,#justiceforRashanCharles,#saytheirnames-RashanCharles"
Darren Cumberbatch,United Kingdom,Nuneaton,32,2017-10-07,,"Darren Cumberbatch, who died days after being restrained by police was punched 15 times by officers who also used a baton and a taser on him.",https://say-their-names.fra1.cdn.digitaloceanspaces.com/darren-cumberbatch/darren-cumberbatch.jpg,https://www.bbc.com/news/uk-england-coventry-warwickshire-50180097,,,,"#DarrenCumberbatch,#justiceforDarrenCumberbatch,#saytheirnames-DarrenCumberbatch"
Edson Da Costa,United Kingdom,London,25,2017-06-21,2,Edson Da Costa died after being detained by London police using force,https://say-their-names.fra1.cdn.digitaloceanspaces.com/edson-dacosta/edson-dacosta.jpg,https://www.independent.co.uk/news/uk/crime/edson-da-costa-death-police-force-cs-spray-edir-london-black-man-father-dead-newham-beckton-a7805646.html,Closed,https://www.change.org/p/metropolitan-police-commissioner-suspend-police-officers-under-investigation-for-deaths-of-edson-da-costa-rashan-charles,,"#EdsonDaCosta,#justiceforEdsonDaCosta,#saytheirnames-EdsonDaCosta"
Adrian Mcdonald,United Kingdom,Staffordshire,34,2014-12-22,,"Adrian McDonald, 34, died in Newcastle-under-Lyme, Staffordshire, in 2014 after complaining to police of breathing difficulties.",https://say-their-names.fra1.cdn.digitaloceanspaces.com/adrian-mcdonald/adrian-mcdonald.jpg,https://www.bbc.com/news/uk-england-stoke-staffordshire-46376372,,,,"#AdrianMcdonald,#justiceforAdrianMcdonald,#saytheirnames-AdrianMcdonald"
Nunu Cardoso,United Kingdom,Oxford,25,2017-11-24,,"Nunu was struck with a police baton and later became ""unresponsive"" in a van on the way to a police station.",https://say-their-names.fra1.cdn.digitaloceanspaces.com/nuno-cardoso/nuno-cardoso.jpg,https://www.bbc.com/news/uk-england-oxfordshire-49023145,Open,https://docs.google.com/forms/d/1u3iFs4gqYBWYjFmaNxnWErRzDECRNyVu1UwIdXUXwLA/viewform?fbclid=IwAR09WMUucMdZjKokBQhUrna1nVYZ4Rv1D4PzXAEjp0R-P7mKW5GGx9oMto0&edit_requested=true,,"#NunuCardoso,#justiceforNunuCardoso,#saytheirnames-NunuCardoso"
Daniel Adewole,United Kingdom,Rochester,16,2015-07-04,,"Daniel Adewole, 16, was found unresponsive in his cell following an epileptic fit at Cookham Wood in 2015. Coroner Patricia Harding concluded that prison officers should have entered the cell of Daniel Adewole much sooner. ",https://say-their-names.fra1.cdn.digitaloceanspaces.com/daniel-adewole/daniel-adewole.jpg,https://www.bbc.com/news/uk-england-kent-39744542,,,,"#DanielAdewole,#justiceforDanielAdewole,#saytheirnames-DanielAdewole"
Trevor Smith,United Kingdom,Birmingham,52,2019-03-15,2,Trevor Smith was shot by a police officer after he did not respond to requests to leave his bedroom.,https://say-their-names.fra1.cdn.digitaloceanspaces.com/trevor-smith/trevor-smith.jpg,https://www.birminghammail.co.uk/news/midlands-news/trevor-smith-shot-dead-armed-16012030,,,,"#TrevorSmith,#justiceforTrevorSmith,#saytheirnames-TrevorSmith"
Julian Cole,United Kingdom,Bedford,19,2013-05-06,,Witnesses saw Julian dragged unconscious across the road by officers in the direction of a police van. By this stage his neck had been broken; he had suffered a serious spinal injury and was unresponsive.,https://say-their-names.fra1.cdn.digitaloceanspaces.com/julian-cole/julian-cole.jpg,https://www.theguardian.com/uk-news/2018/oct/22/julian-cole-police-officers-face-dismissal-over-incident-in-which-student-was-paralysed,Open,https://colefamilytruthcampaign.wordpress.com/,,"#JulianCole,#justiceforJulianCole,#saytheirnames-JulianCole"
Jermaine Baker,United Kingdom,London,28,2015-12-11,2,"Jermaine Baker, aged 28, a father-of-two from Tottenham, north London, was killed by a single shot to the neck from a police officer",https://say-their-names.fra1.cdn.digitaloceanspaces.com/jermaine-baker/jermaine-baker.jpg,https://www.bbc.com/news/uk-england-london-35151936,Closed,https://petition.parliament.uk/archived/petitions/163599,,"#JermaineBaker,#justiceforJermaineBaker,#saytheirnames-JermaineBaker"
Kevin Clarke,United Kingdom,London,35,2018-03-09,,Kevin Clarke died on March 9 after being restrained by police during a mental health crisis on a residential street in Lewisham.,https://say-their-names.fra1.cdn.digitaloceanspaces.com/kevin-clarke/kevin-clarke.jpg,https://inews.co.uk/news/health/death-kevin-clarke-family-interview-campaign-305670,Open/Closed?,,,"#KevinClarke,#justiceforKevinClarke,#saytheirnames-KevinClarke"
Leon Briggs,United Kingdom,Luton,39,2013-11-04,,"Following concerns from members of the public about his behaviour, Leon was restrained on the street by police officers. He was taken to Luton Police Station and placed in a cell where he was also restrained. Leon became unresponsive and an ambulance was called. He was taken to hospital where he was pronounced dead.",https://say-their-names.fra1.cdn.digitaloceanspaces.com/leon-briggs/leon-briggs.jpg,"https://www.itv.com/news/anglia/2020-02-21/police-misconduct-hearing-over-the-death-of-luton-man-leon-briggs-is-dismissed, https://www.theguardian.com/uk-news/2018/sep/12/cps-take-no-action-police-death-leon-briggs, https://www.bbc.com/news/uk-england-beds-bucks-herts-51587151, https://www.inquest.org.uk/leon-briggs-misconduct,",Closed,,,"#LeonBriggs,#justiceforLeonBriggs,#saytheirnames-LeonBriggs"
Kingsley Burrell,United Kingdom,Birmingham,29,2011-03-31,,Kingsley Burrell died in hospital from a cardiac arrest days after being detained by West Midlands Police in March 2011. He had been arrested and sectioned after reporting being threatened by gunmen in Birmingham. He was taken to a psychiatric unit where he was physically restrained.,https://say-their-names.fra1.cdn.digitaloceanspaces.com/kingsley-burrell/kingsley-burrell.jpg,"https://www.bbc.com/news/uk-england-birmingham-46613841, https://www.birminghammail.co.uk/news/midlands-news/kingsley-custody-death-police-probe-15635339, https://morningstaronline.co.uk/article/west-midlands-police-accused-of-sabotaging-kingsley-burrell-campaign, https://www.expressandstar.com/news/local-hubs/walsall/2018/12/19/kingsley-burrell-family-call-for-inquiry-as-police-officer-sacked-over-walsall-mans-death/",Open/Closed?,,,"#KingsleyBurrell,#justiceforKingsleyBurrell,#saytheirnames-KingsleyBurrell"
Belly Mujinga,United Kingdom,London,47,2020-04-05,,"Mujinga, 49, died on 5 April after contracting Covid-19. She fell ill with the coronavirus days after it was alleged a man who said he had Covid-19 spat and coughed at her and a colleague at Victoria station in London.",https://say-their-names.fra1.cdn.digitaloceanspaces.com/belly-mujinga/belly-mujinga.jpg,"https://news.sky.com/story/coronavirus-cps-asked-to-review-evidence-in-death-of-rail-worker-belly-mujinga-from-covid-19-after-spitting-attack-12000983, https://www.bbc.com/news/uk-england-london-52853859, https://www.bbc.com/news/uk-england-london-52938155, https://www.hertfordshiremercury.co.uk/news/hertfordshire-news/belly-mujinga-death-british-transport-4176386",Open/Closed?,https://www.change.org/p/govia-thameslink-justice-for-belly-mujinga-justiceforbellymujinga,https://www.gofundme.com/f/rip-belly-mujinga,"#BellyMujinga,#justiceforBellyMujinga,#saytheirnames-BellyMujinga"
Jacob Michael,United Kingdom,Cheshire,25,2011-08-23,,"Jacob Michael, 25, died in a police cell after being pepper sprayed and restrained by police officers in Widness, Cheshire in August 2011.",https://say-their-names.fra1.cdn.digitaloceanspaces.com/jacob-michael/jacob-michael.jpg,"https://www.bbc.com/news/uk-england-merseyside-20095912, https://www.bbc.com/news/uk-england-merseyside-19803358, https://www.independent.co.uk/news/uk/home-news/jacob-michael-death-inquest-cctv-shows-young-man-who-died-in-police-custody-pleading-for-mercy-after-8193029.html",Open/Closed?,,,"#JacobMichael,#justiceforJacobMichael,#saytheirnames-JacobMichael"
Mzee Mohammed Daley,United Kingdom,LiverPool,18,2016-07-13,,"Mzee was 18 years old when he was restrained and arrested by security staff and Merseyside police at Liverpool One shopping complex on 13 July 2016. After arriving in critical condition, he was pronounced dead at Royal Liverpool Hospital at 7.53pm the same evening. Mzee, a black man from Liverpool, was described by his family as a very caring young man who adored his family. He was popular growing up with his friends and was the life and soul of the party, with eyes and smile could light up a room.",https://say-their-names.fra1.cdn.digitaloceanspaces.com/mzee-mohammed-daley/mzee-mohammed-daley.jpg,"https://www.inquest.org.uk/mzee-mohammed-daley-close, https://www.liverpoolecho.co.uk/news/liverpool-news/mzee-mohammed-daley-innocent-victim-17403776, https://www.liverpoolecho.co.uk/all-about/mzee-mohammed",Open/Closed?,,,"#MzeeMohammedDaley,#justiceforMzeeMohammedDaley,#saytheirnames-MzeeMohammedDaley"
Derek Bennett,United Kingdom,Brixton,29,2001-07-16,,Derek Bennett was shot dead by police near his home while carrying a lighter shaped like a gun.,https://say-their-names.fra1.cdn.digitaloceanspaces.com/derek-bennet/derek-bennett.jpg,"http://news.bbc.co.uk/2/hi/uk_news/england/london/4098351.stm, https://4wardeveruk.org/cases/adult-cases-uk/shootings/derek-bennett/, https://www.thisislocallondon.co.uk/news/554559.derek-bennett-lawfully-killed/",Open/Closed?,,,"#DerekBennett,#justiceforDerekBennett,#saytheirnames-DerekBennett"
Azelle Rodney,United Kingdom,London,24,2005-04-30,,"Mr Rodney, 24, was shot six times by a marksman in Edgware, north London, after the car he was in was brought to a halt.",https://say-their-names.fra1.cdn.digitaloceanspaces.com/azelle-rodney/azelle-rodney.jpg,"https://en.wikipedia.org/wiki/Death_of_Azelle_Rodney, https://www.theguardian.com/uk-news/2015/jul/03/police-marksman-anthony-long-cleared-azelle-rodney-murder, https://www.telegraph.co.uk/news/uknews/law-and-order/11717453/Azelle-Rodney-death-Security-fears-for-police-marksman-acquitted-of-murder.html, https://www.bbc.com/news/av/uk-20217454/azelle-rodney-inquiry-firearms-officer-had-killed-before, ",Open/Closed?,,,"#AzelleRodney,#justiceforAzelleRodney,#saytheirnames-AzelleRodney"
Shukri Abdi,United Kingdom,Manchester,12,2019-06-27,0,"Shurkri abdi, a 12-year-old refugee drowned in a river in Greater Manchester last summer, police initially refused to open an investigation. ","https://say-their-names.fra1.cdn.digitaloceanspaces.com/shukri-abdi/shukri-abdi.jpg, https://say-their-names.fra1.cdn.digitaloceanspaces.com/shukri-abdi/shukri-abdi-2.jpg","https://gal-dem.com/the-death-of-shukri-abdi-she-was-failed-when-she-was-alive-and-shes-still-being-failed-now/, https://www.theguardian.com/uk-news/2020/feb/26/other-child-laughed-as-shukri-abdi-drowned-in-river-inquest-told, https://www.manchestereveningnews.co.uk/news/greater-manchester-news/friend-knew-girl-12-who-17836447 ",Open/Closed?,,,"#ShukriAbdi,#justiceforShukriAbdi,#saytheirnames-ShukriAbdi"
Jamel Floyd,United States,New York,35,2020-06-03,,"Jamel Floyd, 35, died Wednesday after a fracas at the Metropolitan Detention Center in Brooklyn, the federal Bureau of Prisons said. The incident began about 10 a.m. when Floyd barricaded himself inside his cell and used a metal object to break the cell-door window, the agency said.",https://say-their-names.fra1.cdn.digitaloceanspaces.com/jamel-floyd/jamel-floyd.jpg,"https://edition.cnn.com/2020/06/04/us/jamel-floyd-brooklyn-prison-death-pepper-spray/index.html, https://www.cbsnews.com/news/federal-inmate-jamel-floyd-dies-pepper-sprayed-by-guards-new-york, https://www.newsweek.com/jamel-floyd-death-stirs-fresh-protests-family-says-prisoner-was-murdered-mace-1508853",Open/Closed?,https://www.change.org/p/justice-for-jamel-floyd,https://www.gofundme.com/f/justice-for-jamel-floyd,"#JamelFloyd,#justiceforJamelFloyd,#saytheirnames-JamelFloyd"
Jamar Clark,United States,"Minneapolis, MN",24,2015-11-15,0,"On November 15, 2015, Jamar Clark, a 24-year-old African-American man, was shot by Minneapolis Police in Minneapolis, Minnesota. Two police officers, Mark Ringgenberg and Dustin Schwarze, were involved in the shooting and were subsequently placed on paid administrative leave. The night after the shooting, Clark died at the Hennepin County Medical Center after being taken off life support.",https://say-their-names.fra1.cdn.digitaloceanspaces.com/jamar-clark/jamar-clark.jpg,https://en.wikipedia.org/wiki/Shooting_of_Jamar_Clark,Open,https://campaigns.organizefor.org/petitions/no-grand-jury-justice4jamar-1,,"#JamarClark,#justiceforJamarClark,#saytheirnames-JamarClark"
Botham Jean,United States,"Dallas, TX",26,2018-09-06,0,"On September 6, 2018, off-duty Dallas Police Department patrol officer Amber Guyger entered the Dallas, Texas, apartment of 26-year-old accountant Botham Jean and fatally shot him. Guyger said that she had entered the apartment believing it was her own and that she shot Jean believing he was a burglar.[1][2] The fact that Guyger, a white police officer, shot and killed Jean, an unarmed black man, and was initially only charged with manslaughter, resulted in protests and accusations of racial bias.[3][4][5] On October 1, 2019, Guyger was found guilty of murder.[6] The next day, she received a sentence of ten years in prison.[7]",https://say-their-names.fra1.cdn.digitaloceanspaces.com/botham-jean/botham-jean.jpg,https://en.wikipedia.org/wiki/Murder_of_Botham_Jean,Open,https://www.change.org/p/dallas-city-manager-justice-for-botham-shem-jean-2c10be06-9513-4fca-b7a4-6c81ce1ac876,,"#BothamJean,#justiceforBothamJean,#saytheirnames-BothamJean"
Michelle Shirley,United States,"Torrance, CA",39,2016-10-31,1,"Michelle, 39, was shot and killed Monday by police in Torrance after she steered her car at officers at the end of a chase.",https://say-their-names.fra1.cdn.digitaloceanspaces.com/michelle-shirley/michelle-shirley.jpg,https://www.dailybreeze.com/2016/11/01/woman-shot-to-death-by-torrance-police-was-struggling-with-bipolar-disorder-family-says/,Open/Closed?,https://www.nomoremartyrs.org/blog/2017/3/5/sayhername-michelle-shirley,,"#MichelleShirley,#justiceforMichelleShirley,#saytheirnames-MichelleShirley"
Redel Jones,United States,"Baldwin Hills, CA",30,2015-08-12,1,The BOPC ruled officers acted reasonably when they tasered then shot her five times after cornering her in an alley in Baldwin Hills last August 12.,https://say-their-names.fra1.cdn.digitaloceanspaces.com/redel-jones/redel-jones.jpg,https://lasentinel.net/no-justice-for-redele-jones.html,Open,https://www.change.org/p/eric-garcetti-defund-police-fund-education?source_location=topic_page,,"#RedelJones,#justiceforRedelJones,#saytheirnames-RedelJones"
Kenney Watkins,United States,"Los Angeles,CA",18,2016-08-16,,"On Aug. 16 a Los Angeles police officer killed Kenny Watkins, 18, in South L.A. during a traffic stop in the early afternoon.",https://say-their-names.fra1.cdn.digitaloceanspaces.com/kenny-watkins/kenny-watkins.jpg,"https://www.latimes.com/local/lanow/la-me-kenney-watkins-lawsuit-20181001-story.html, http://cocosouthla.org/police-kill-two-youth-refuse-release-footage/, https://abc7.com/officer-involved-shooting-police-involved-traffic-stop-lapd/1472642/ ",Open/Closed?,,,"#KenneyWatkins,#justiceforKenneyWatkins,#saytheirnames-KenneyWatkins"
Stephon Clark,United States,California,22,2018-03-18,,"In the late evening of March 18, 2018, Stephon Clark, a 22-year-old African-American man, was shot and killed in Meadowview, Sacramento, California by Terrence Mercadal and Jared Robinet, two officers of the Sacramento Police Department in the backyard of his grandmother's house while he had a phone in his hand.",https://say-their-names.fra1.cdn.digitaloceanspaces.com/stephon-clark/stephon-clark.jpg,"https://en.wikipedia.org/wiki/Shooting_of_Stephon_Clark, https://www.latimes.com/california/story/2020-06-04/stephon-clark-death-brother-stevante-leads-george-floyd, https://theundefeated.com/features/a-timeline-of-stephon-clarks-death-at-the-hands-of-sacramento-police-to-the-protest-at-the-kings-game/",Open/Closed?,,,"#StephonClark,#justiceforStephonClark,#saytheirnames-StephonClark"
Laquan McDonald ,United States,"Chicago, IL",17,2014-10-20,,"the 17-year-old African American was fatally shot by Chicago Police. Police had initially reported that McDonald was behaving erratically while walking down the street, refused to put down a knife he was carrying, and lunged at them. Preliminary internal police reports described the incident similarly and ruled the shooting justified and Van Dyke was not charged in the shooting at that time.",https://say-their-names.fra1.cdn.digitaloceanspaces.com/laquan-mcdonald/laquan-mcdonald%20.jpg,"https://www.chicagotribune.com/news/laquan-mcdonald/ct-graphics-laquan-mcdonald-officers-fired-timeline-htmlstory.html, https://en.wikipedia.org/wiki/Murder_of_Laquan_McDonald",Open/Closed?,,,"#LaquanMcDonald,#justiceforLaquanMcDonald,#saytheirnames-LaquanMcDonald"
Walter Scott,United States,"North Charleston, South Carolina",50,2015-04-04,4,"The shooting of Walter Scott occurred on April 4, 2015, in North Charleston, South Carolina, following a daytime traffic stop for a non-functioning brake light. Scott, an unarmed black man, was shot and killed by Michael Slager, a white North Charleston police officer.",https://say-their-names.fra1.cdn.digitaloceanspaces.com/walter-scott/walter-scott.jpg,"https://en.wikipedia.org/wiki/Shooting_of_Walter_Scott, https://www.nbcnews.com/storyline/walter-scott-shooting/walter-scott-shooting-michael-slager-ex-officer-sentenced-20-years-n825006, https://edition.cnn.com/2017/12/07/us/michael-slager-sentencing/index.html ",Open/Closed?,,,"#WalterScott,#justiceforWalterScott,#saytheirnames-WalterScott"
Alton Sterling,United States,"Baton Rouge, Louisiana",37,2016-07-05,,"On July 5, 2016, Alton Sterling, a 37-year-old black man, was shot dead at close range by two white Baton Rouge Police Department officers in Baton Rouge, Louisiana.",https://say-their-names.fra1.cdn.digitaloceanspaces.com/alton-sterling/alton-sterling.jpeg,"https://en.wikipedia.org/wiki/Shooting_of_Alton_Sterling, https://edition.cnn.com/2019/08/01/us/alton-sterling-baton-rouge-police/index.html",Open/Closed?,,,"#AltonSterling,#justiceforAltonSterling,#saytheirnames-AltonSterling"
James Scurlock,United States,Omaha ,22,2020-05-30,,"Scurlock, a 22-year-old black man, was fatally shot by a white bar owner during a fight with several people one night in Omaha, Nebraska, amid protests related to the police killing of George Floyd. ",https://say-their-names.fra1.cdn.digitaloceanspaces.com/james-scurlock/james-scurlock.jpg,"https://www.wowt.com/content/news/James-Scurlock-killing-Omaha-Police-looking-for-help-identifying-witnesses-571047481.html, https://edition.cnn.com/2020/06/04/us/james-scurlock-omaha-shooting/index.html, https://www.wowt.com/content/news/Omaha-protests-Charges-may-still-be-filed-in-James-Scurlock-death-570984561.html",Open/Closed?,https://www.change.org/p/demand-justice-for-james-scurlock-killed-by-omaha-racist-during-george-floyd-protest,,"#JamesScurlock,#justiceforJamesScurlock,#saytheirnames-JamesScurlock"
Tanya Day,Australia,"Castlemaine, VIC",55,2017-12-22,1,"Tanya Day sustained treatment from police for public drunkenness which they would not impose on non-Aboriginal people. The coroner found her death preventable had she not been arrested and taken into custody. The Day family says ""The Coroner found that once mum was in the cell, the police failed to properly check on her, treated her with complacency and breached her human rights to humane treatment and dignity.""",https://say-their-names.fra1.cdn.digitaloceanspaces.com/tanya-day/tanya-day.png,"https://www.abc.net.au/news/2020-04-09/tanya-day-coronial-finding-into-death-in-custody/12134398, https://www.theguardian.com/australia-news/2019/aug/24/tanya-day-death-custody-inquest-family-want-answers",Open,https://actionnetwork.org/petitions/end-aboriginal-deaths-in-custody,https://au.gofundme.com/f/day-family-fundraiser,"#TanyaDay,#justiceforTanyaDay,#saytheirnames-TanyaDay"
TJ Hickey,Australia,Sydney,17,2004-02-14,,TJ Hickey was thrown off his bike and impaled on a fence while being chased by police.,https://say-their-names.fra1.cdn.digitaloceanspaces.com/tj-hickey/tj-hickey.jpg,"https://www.sbs.com.au/nitv/article/2020/02/14/tj-hickeys-family-renew-calls-parliamentary-inquiry-16-years-after-his-death1, https://www.smh.com.au/national/nsw/tj-hickey-to-be-memorialised-by-permanent-plaque-but-battle-looms-over-wording-20170211-guao2c.html, https://www.vice.com/en_au/article/wj4jmz/redfern-mourns-on-the-14th-anniversary-of-aboriginal-teen-tj-hickeys-death",Open,https://www.change.org/p/re-open-the-coronial-inquiry-into-t-j-hickeys-death-stop-aboriginal-deaths-in-custody-now,,"#TJHickey,#justiceforTJHickey,#saytheirnames-TJHickey"
Joyce Clarke,Australia,Geraldton,29,2019-09-17,1,Joyce Clark was shot during a mental health check by police.,https://say-their-names.fra1.cdn.digitaloceanspaces.com/joyce-clarke/joyce-clarke.jpg,"https://www.abc.net.au/news/2019-09-19/police-shooting-victim-joyce-clarke-struggle-with-demons/11528364, https://www.abc.net.au/news/2020-02-20/wa-police-officer-arrested-geraldton-shooting-death-joyce-clarke/11983720, https://7news.com.au/news/wa/wa-cop-pleads-not-guilty-to-womans-murder-c-1062836",,,https://www.gofundme.com/f/in-memory-of-joyce-clarke,"#JoyceClarke,#justiceforJoyceClarke,#saytheirnames-JoyceClarke"
Wayne Fella Morrison,Australia,Adelaide,29,2016-09-26,,"Wayne Fella Morrison was restrained with handcuffs, ankle flexi-cuffs, and a spit mask and placed face down in the rear of the van, with eight prison officers accompanying him from the prison's holding cells. He was pulled unresponsive from the prison transport van.",https://say-their-names.fra1.cdn.digitaloceanspaces.com/wayne-fella-morrison/wayne-fella-morrison.jpg,"https://www.abc.net.au/news/2020-04-22/deputy-coroner-to-remain-on-wayne-fella-morrison-inquest/12172176, https://www.sbs.com.au/nitv/feature/three-missing-minutes-and-more-questions-why-did-wayne-fella-morrison-die-custody-1",,,,"#WayneFellaMorrison,#justiceforWayneFellaMorrison,#saytheirnames-WayneFellaMorrison"
Ms Mandijarra,Australia,Broome,44,2012-11-29,,"Ms Mandjarra was locked up for the drinking in public, treatment really meted out to non-Aboriginal people in Australia. She was found dead in police lock-up the next day. The station that year was busy and understaffed and the two supervising officers failed to perform frequent enough checks on her cell.",,"https://www.theguardian.com/australia-news/2016/feb/22/death-in-custody-aboriginal-woman-maureen-mandijarra-lay-in-cell-for-hours, https://www.als.org.au/alswa-welcomes-coroners-findings-mandijarra-inquest/",,,,"#MsMandijarra,#justiceforMsMandijarra,#saytheirnames-MsMandijarra"